"TrajID","X","Y","Z","T","d","dt","v","a","b","xc","yc","zc","alpha","beta","direction"
1,4,4,4,1,0,0,0,0,0,0,0,0,0,0,0
1,6,6,6,1.1,3.46410161513775,0.1,34.6410161513775,3.46410161513775,3,5,5,5,0.785398163397448,0.615479708670387,4
