"TrajID","X","Y","Z","T","d","dt","v","a","b","xc","yc","zc","alpha","beta","direction"
1,2,2,2,0,0,0,0,0,0,0,0,0,0,0,0
1,4,4,4,0.05,3.46410161513775,0.05,69.2820323027551,2.22692246687427,1.39970842444753,3,3,3,0.785398163397448,0.615479708670387,4
1,6,6,6,0.12,3.46410161513775,0.07,49.4871659305394,3.11769145362398,2.59229627936314,5,5,5,0.785398163397448,0.615479708670387,4
1,8,8,8,0.17,3.46410161513775,0.05,69.2820323027551,2.22692246687427,1.39970842444753,7,7,7,0.785398163397448,0.615479708670387,4
